<?xml version="1.0" encoding="UTF-8"?>
<Configuration status="WARN" monitorInterval="30">
    <Properties>
        <Property name="LOG_PATTERN">%d{yyyy-MM-dd'T'HH:mm:ss.SSSZ} ${ctx:filename} %p %m%n</Property>
    </Properties>
    <Appenders>
        <Console name="Console" target="SYSTEM_OUT" follow="true">
            <PatternLayout pattern="${LOG_PATTERN}" />
        </Console>
         <RollingFile name="appLog"
            fileName="AlarmLogs/alarm.log"
            filePattern="AlarmLogs/alarm-%d{dd-MM-yyyy}-%i.log">
            <PatternLayout pattern="${LOG_PATTERN}" />
            <Policies>
                <TimeBasedTriggeringPolicy />
		<SizeBasedTriggeringPolicy size="20 MB" />
            </Policies>
	    <DefaultRolloverStrategy>
        <Delete basePath="AlarmLogs/alarm.log" maxDepth="1">
		   <IfFileName glob="AlarmLogs/alarm-*.log">
		   
		      <IfAny>
			<IfAccumulatedFileSize exceeds="60 MB" />
			<IfAccumulatedFileCount exceeds="2" />
		      </IfAny>
		
		   </IfFileName>
		</Delete>
       	   </DefaultRolloverStrategy>
        </RollingFile>
    </Appenders>
    <Loggers>
        <Logger name="com.fujitsu.fnc.alarmmanagement.nb.api" additivity="false">
            <AppenderRef ref="appLog" />
            <AppenderRef ref="Console" />
        </Logger>
        <Root level="INFO">
		<AppenderRef ref="Console" /> 
	</Root>
    </Loggers>
</Configuration>